{"a": [[-125.14952850341797, 108.2426986694336, -77.2333984375, -18.442554473876953, -17.16573143005371, 14.876615524291992, -9.302445411682129, 8.478424072265625, -1.2745022773742676, 12.472341537475586, -7.180186748504639, 1.9723235368728638, -13.351004600524902]], "e": [[-137.2625732421875, 97.50199127197266, -58.258216857910156, 12.597825050354004, -27.243871688842773, -16.71750831604004, -11.645658493041992, 17.780115127563477, 3.1707122325897217, 5.824199676513672, -5.761708736419678, 4.926870346069336, -10.219658851623535]], "i": [[-178.941650390625, 86.79607391357422, -4.004622459411621, 53.291351318359375, -29.487316131591797, -9.7914457321167, -13.133587837219238, -10.840044021606445, -10.824508666992188, -5.013685703277588, -9.945284843444824, -1.360191822052002, -4.140295505523682]], "o": [[-175.85337829589844, 146.1865234375, -43.75701141357422, -32.14460754394531, -51.1082878112793, 7.20432710647583, 14.3101806640625, 10.241617202758789, -3.869189977645874, 3.9033868312835693, -5.116889476776123, 6.639811992645264, -6.393226146697998]], "u": [[-259.9081115722656, 182.75987243652344, 11.075486183166504, 9.665379524230957, -37.56128692626953, -12.683350563049316, -14.572724342346191, -12.499039649963379, 1.0905333757400513, -6.321507930755615, -8.004088401794434, -2.520961046218872, -3.7289767265319824]]}