{"a": [-266.56473, 110.66271, -77.22824, -20.11078, -15.247963, 14.746446, -7.229579, 8.978222, -0.13399959, 11.597638, -6.122944, 1.5314411, -10.858615, -0.01047708, -5.497319, -0.15399589, -0.7844939, -2.8351626, 0.9554555, 0.816413, -0.7406114, -2.2021167, -2.2278023, -2.7877948, -1.3522156, -0.2259428],
  "e": [-277.2528, 96.84819, -56.417084, 9.054714, -25.271687, -16.906263, -11.837762, 16.474604, 3.428541, 5.2325344, -4.1443353, 5.2392035, -8.974297, -0.3502229, -8.399303, 1.2815024, -3.5950284, -0.5856626, 0.257129, 3.4471378, 1.1439557, -1.7811964, 1.4178874, -2.157998, -2.7511597, 0.68673027],
  "i": [-320.0374, 88.71342, -3.1263657, 52.642815, -28.637533, -12.24068, -13.907448, -9.999379, -9.628447, -4.829268, -8.69335, -1.3379662, -3.2083912, 2.6927235, 1.3333082, 3.65885, -2.4865694, 2.7364154, -0.94044816, -0.7521818, -1.1985357, 0.050757505, -3.445087, -3.1665137, -0.5041689, 0.050721586],
  "o": [-313.69897, 145.61465, -43.800644, -34.857418, -51.345295, 7.6339307, 12.818585, 9.613513, -4.6917043, 3.7589679, -4.224342, 6.870544, -6.267313, -2.3618412, -4.8155155, -3.7369359, 2.0743392, -2.5715096, 0.83305013, 1.0648171, -0.68892735, -2.4705176, -1.4256262, -3.2321873, -2.575033, 0.017679753],
  "u": [-427.23062, 169.96793, 9.682614, 13.8106165, -29.260817, -11.472044, -13.105187, -8.110025, 0.7289384, -2.6279376, -3.048799, -0.12710077, -4.159322, 4.6851068, 2.0667126, 7.2376122, 2.4534824, 3.3243082, 0.37250882, 0.35518545, -1.129176, -1.3725554, -2.8046181, -2.2733417, -0.5061538, 0.034649905]}