{"a": [-243.23313903808594, 103.93770599365234, -77.1895980834961, -10.589864730834961, -19.937740325927734, 13.961085319519043, -11.690011978149414, 5.3495283126831055, 3.5219693183898926, 11.790060997009277, -4.338351249694824, -1.668513298034668, -9.719971656799316], "e": [-307.7605895996094, 124.64039611816406, -85.8854751586914, 8.427726745605469, -13.230926513671875, -27.29199981689453, -3.576033592224121, 20.693273544311523, 8.657842636108398, 7.417842388153076, -4.27347469329834, 6.400238990783691, -7.0587077140808105], "i": [-332.19171142578125, 95.06383514404297, -26.49896240234375, 61.91002655029297, -21.889745712280273, -24.435165405273438, -8.721134185791016, -9.814568519592285, -5.86379337310791, -4.592010021209717, -7.002627372741699, 2.0527563095092773, -7.951045989990234], "o": [-247.74478149414062, 121.77584838867188, -38.33656692504883, -34.20063018798828, -44.12718200683594, 15.506174087524414, 1.9864139556884766, 9.87630558013916, -6.5872650146484375, 2.4571502208709717, -2.5224833488464355, 5.355667591094971, -7.650278091430664], "u": [-630.962158203125, 113.00300598144531, -24.999622344970703, 23.834613800048828, 2.3021392822265625, 10.454289436340332, -4.530100345611572, 13.944865226745605, 2.9686546325683594, 6.363001823425293, 6.745391845703125, 11.648738861083984, -1.9327203035354614]}