{"a": [[-127.28509521484375, 108.57882690429688, -77.10723114013672, -18.46421241760254, -16.413448333740234, 15.001875877380371, -8.301013946533203, 9.18360710144043, -0.5955373644828796, 12.374051094055176, -7.107423305511475, 1.2673319578170776, -13.023033142089844]], "e": [[-138.5836181640625, 97.29551696777344, -56.54534149169922, 12.21860408782959, -26.979494094848633, -16.93564224243164, -11.020500183105469, 18.102802276611328, 2.7040011882781982, 5.327080249786377, -5.370612144470215, 5.104977607727051, -10.293100357055664]], "i": [[-180.62100219726562, 87.72029876708984, -3.865170955657959, 53.2264289855957, -29.566129684448242, -10.183746337890625, -12.550865173339844, -10.148648262023926, -10.457412719726562, -4.491267681121826, -9.86168098449707, -0.7192562222480774, -3.7525105476379395]], "o": [[-176.0606231689453, 146.6965789794922, -44.2689094543457, -32.08002471923828, -51.84690856933594, 7.85317850112915, 13.87059211730957, 10.671767234802246, -4.162222385406494, 3.840669870376587, -5.849451541900635, 7.026825904846191, -6.496367454528809]], "u": [[-264.4688720703125, 184.5646209716797, 12.088312149047852, 10.73529052734375, -36.21903991699219, -14.371530532836914, -16.16839027404785, -13.0625, 1.3817873001098633, -4.261721134185791, -7.109370708465576, -2.708895444869995, -3.5371310710906982]]}