{"a": [[-270.9894104003906, 88.22349548339844, -56.23975372314453, -14.142229080200195, -16.28705596923828, 39.95133972167969, -37.46486282348633, 23.17108154296875, -0.5568861365318298, 8.481435775756836, -12.222524642944336, -12.856927871704102, 1.221266746520996], [-281.0810241699219, 118.4518814086914, -102.4930419921875, -27.050867080688477, -9.049898147583008, 0.7562522888183594, 9.643659591674805, 0.22714519500732422, -4.546004295349121, 6.68171501159668, -13.221059799194336, 0.21353554725646973, 2.6555700302124023], [-335.64251708984375, 173.73831176757812, -106.70697021484375, -37.604347229003906, -7.417464733123779, 0.41207218170166016, 1.720003604888916, 8.944161415100098, -2.225576162338257, 8.881157875061035, -0.7065296173095703, -4.663496971130371, -8.465109825134277], [-196.818603515625, 92.21061706542969, -93.4776611328125, 2.108489990234375, -26.084850311279297, 18.60012435913086, -23.74814224243164, 17.33429718017578, 8.379081726074219, 16.61636734008789, -5.792148113250732, -11.424699783325195, 1.6984128952026367], [-246.79708862304688, 134.7130889892578, -73.93362426757812, -13.653875350952148, -16.936922073364258, 10.560225486755371, -0.3453335762023926, 5.407369613647461, 3.1461851596832275, 9.594291687011719, -4.170224189758301, 4.57030725479126, -16.72260284423828], [-355.7982177734375, 100.50054931640625, -41.87379837036133, -33.254878997802734, 7.7728424072265625, 38.45783996582031, -2.2118401527404785, 11.3265380859375, 1.3322378396987915, 3.4872522354125977, -20.866350173950195, 23.368309020996094, -19.6710147857666], [-187.20411682128906, 64.36598205566406, -65.585205078125, -6.681517601013184, -37.41128921508789, 23.088909149169922, -20.25034523010254, 9.979325294494629, -7.64113712310791, 10.106322288513184, 9.97531509399414, 16.081907272338867, -23.8582706451416], [-289.5479736328125, 86.32543182373047, -39.96083068847656, -52.44684600830078, -14.741804122924805, 10.943560600280762, -14.31140422821045, 22.266197204589844, -15.532496452331543, 26.246536254882812, -6.056458473205566, 3.773979425430298, -19.865253448486328], [-250.7486572265625, 101.61741638183594, -119.678466796875, 2.635091781616211, -16.602956771850586, -3.0287294387817383, 17.1691951751709, -19.478137969970703, 17.730453491210938, 16.47670555114746, -1.0444221496582031, -3.478288412094116, -15.175264358520508]], "e": [[-250.81097412109375, 73.14833068847656, -103.48701477050781, 29.747716903686523, -22.341920852661133, -31.003084182739258, 5.665772438049316, 7.3091936111450195, 8.46130657196045, 8.155319213867188, -7.870623588562012, 10.448846817016602, -15.800793647766113], [-311.04205322265625, 66.6629867553711, -3.845600128173828, -41.44902038574219, -37.67891311645508, 5.359170913696289, -4.210363864898682, 28.68610382080078, 8.483050346374512, -1.3887953758239746, -2.544816017150879, 6.078372001647949, -13.2657470703125], [-339.7093505859375, 149.40255737304688, -76.46968841552734, 2.422403335571289, 3.882040023803711, -43.99573516845703, -4.402746677398682, 11.079076766967773, -1.7965266704559326, 16.60198974609375, -8.404961585998535, 14.526579856872559, -8.411825180053711], [-398.40130615234375, 107.70674896240234, -6.528572082519531, 11.381760597229004, -42.57046890258789, 11.506057739257812, -14.743084907531738, -7.348882675170898, 7.719629287719727, -9.164544105529785, 6.068480014801025, 0.15436553955078125, -12.795358657836914], [-227.33340454101562, 56.38434982299805, -32.66624450683594, 15.729330062866211, -56.026554107666016, 1.0715217590332031, -12.684233665466309, 13.746564865112305, -4.045581817626953, 3.272374391555786, -8.04704475402832, 1.9465289115905762, -10.905351638793945], [-257.62860107421875, 121.68768310546875, -70.7718734741211, 21.93470001220703, -14.586444854736328, -24.052120208740234, -15.925382614135742, 13.122859954833984, 23.633056640625, -2.089229106903076, 6.54935884475708, 3.631042957305908, -10.09797191619873], [-300.6617431640625, 89.8373794555664, -32.808921813964844, 1.9553232192993164, -5.030445098876953, -16.418663024902344, -38.66727828979492, 33.882286071777344, -12.61996841430664, 13.765521049499512, -4.839245796203613, 10.381599426269531, -3.455493927001953], [-296.44482421875, 122.572998046875, -81.39567565917969, -9.070623397827148, -28.043344497680664, -28.80666732788086, 20.267406463623047, 19.94525146484375, -2.230151414871216, 4.541977405548096, -16.033050537109375, 2.256667137145996, -1.88932466506958], [-201.38546752929688, 88.55776977539062, -79.426025390625, 16.883047103881836, -28.49737548828125, -14.84915542602539, -25.109840393066406, 25.100296020507812, 7.650734901428223, 6.67486572265625, -1.2350032329559326, -3.0693845748901367, -6.539799690246582]], "i": [[-348.27081298828125, 69.9864501953125, 8.0822172164917, 45.55804443359375, -36.987884521484375, -2.0595998764038086, -14.440691947937012, -3.6860523223876953, -6.876669883728027, -0.9270648956298828, -9.43440055847168, -12.465336799621582, 3.793367862701416], [-302.25408935546875, 129.6676025390625, -41.74547576904297, 65.4383773803711, -12.351375579833984, -28.49823760986328, -3.596440315246582, -22.712478637695312, 1.970870018005371, -4.648189544677734, -11.251246452331543, 10.677964210510254, -8.951019287109375], [-412.3827819824219, 91.2315673828125, 37.5004768371582, 29.171646118164062, -36.11963653564453, 13.645981788635254, -11.980228424072266, -24.371463775634766, 4.645474433898926, -13.800901412963867, -19.224727630615234, -4.221406936645508, -5.398246765136719], [-291.23297119140625, 84.31687927246094, 0.3496878147125244, 39.647361755371094, -9.025070190429688, -23.047361373901367, -22.789793014526367, 5.324712753295898, -19.266799926757812, 0.5521011352539062, -1.7526249885559082, -3.516740322113037, -6.470504283905029], [-244.30502319335938, 67.4632568359375, -23.993898391723633, 77.36778259277344, -34.96894836425781, -16.21834945678711, -20.039234161376953, 0.7714376449584961, -21.633045196533203, -18.271438598632812, 9.50996208190918, -16.109500885009766, -4.715081214904785], [-299.03875732421875, 50.33946990966797, -29.404191970825195, 101.7794189453125, -29.404756546020508, -30.420299530029297, 12.572559356689453, -22.968334197998047, -13.399986267089844, -10.163745880126953, -6.744682312011719, 6.8181023597717285, -14.585407257080078], [-427.6986083984375, 149.4576416015625, -24.588674545288086, 47.52097702026367, 2.4157638549804688, -25.70375633239746, -1.5423698425292969, -1.5220527648925781, -18.810718536376953, -6.388522148132324, -19.214038848876953, 6.8479390144348145, -9.40572738647461], [-353.2303771972656, 60.17402267456055, 63.211708068847656, 4.177043914794922, -58.213829040527344, 12.103585243225098, -46.738670349121094, -18.322418212890625, -14.601951599121094, 8.758481979370117, -20.10675811767578, 11.184591293334961, 1.1065092086791992], [-256.04547119140625, 75.91338348388672, 33.34693145751953, 42.284423828125, -72.49798583984375, 16.544208526611328, -31.326982498168945, -15.58566951751709, -2.2267580032348633, -4.359983444213867, -8.803374290466309, -5.804869174957275, 15.407995223999023]],