{"a": [-253.64141845703125, 119.71302032470703, -81.54484558105469, -16.074161529541016, -14.53329849243164, 7.629627704620361, -2.2757649421691895, 3.363770008087158, 3.1987762451171875, 11.262898445129395, -0.6523900032043457, -1.0940327644348145, -13.554617881774902], "e": [-356.7083740234375, 87.24163055419922, -6.8128662109375, -4.512739181518555, -39.86647033691406, -0.07952308654785156, -22.939716339111328, 10.551534652709961, 2.4531137943267822, 3.9319400787353516, 0.32375073432922363, 3.4425411224365234, -10.248510360717773], "i": [-281.991455078125, 83.25753021240234, -8.3666353225708, 59.97285842895508, -33.0028076171875, -16.397024154663086, -14.723544120788574, -9.127045631408691, -10.934832572937012, -6.437055587768555, -7.72977876663208, -2.1009249687194824, -7.176032066345215], "o": [-337.2091369628906, 130.25656127929688, -24.49791145324707, -50.68552780151367, -39.38353729248047, 8.01954174041748, 4.697547912597656, 25.406003952026367, -15.402684211730957, 17.285192489624023, -13.94568157196045, 10.597472190856934, -4.947818279266357], "u": [-385.97735595703125, 172.60934448242188, 17.775070190429688, 17.274276733398438, -38.20697021484375, -18.290924072265625, -10.217395782470703, -16.538883209228516, -3.182528257369995, -2.4620606899261475, -8.137642860412598, -2.4428393840789795, -3.3007421493530273]}