{"a": [-243.85916137695312, 104.01091766357422, -77.22222137451172, -10.73563289642334, -19.669937133789062, 13.909407615661621, -11.915548324584961, 5.5690131187438965, 3.4489188194274902, 11.733814239501953, -4.234335899353027, -1.8090910911560059, -9.585569381713867], "e": [-336.77349853515625, 85.20266723632812, -23.091304779052734, 0.38945865631103516, -21.452800750732422, -11.09433364868164, -19.503713607788086, 23.897790908813477, -3.5771713256835938, 6.059264659881592, -3.756777763366699, 4.777986526489258, -5.609541893005371], "i": [-283.15631103515625, 76.8533935546875, 17.132688522338867, 45.62957763671875, -40.089622497558594, 0.9137897491455078, -24.869770050048828, -6.32390022277832, -11.319591522216797, 0.49075186252593994, -4.076142311096191, -4.062654495239258, -0.23478174209594727], "o": [-454.0970458984375, 175.2630157470703, -42.804325103759766, -38.45005798339844, -33.40226745605469, 4.377023220062256, 13.761674880981445, 7.749364852905273, -3.504530906677246, 2.2028322219848633, -4.0675482749938965, 4.227737903594971, -6.71384334564209], "u": [-405.56024169921875, 178.75108337402344, 10.507503509521484, 6.472103595733643, -35.719024658203125, -14.996349334716797, -9.606743812561035, -10.245051383972168, -0.23727238178253174, -3.988945722579956, -7.025996208190918, -0.9456927180290222, -1.1315089464187622]}