{"a": [[-12.856582641601562, 59.238739013671875, -57.17021942138672, -1.460653305053711, -43.88719940185547, 38.27747344970703, -31.494962692260742, 10.672281265258789, -5.288005828857422, 15.492242813110352, -5.028296947479248, -0.5226764678955078, -7.8908915519714355], [-32.92693328857422, 122.64031219482422, -87.82097625732422, -10.703041076660156, -16.858362197875977, 7.628357887268066, 5.3100385665893555, -7.500326156616211, 6.311857223510742, 9.370349884033203, -8.782885551452637, 5.563011646270752, -15.32988166809082], [-89.20181274414062, 141.03504943847656, -101.86225128173828, -25.997915267944336, -12.411747932434082, -1.9529533386230469, 6.5562639236450195, 9.830768585205078, -1.9343833923339844, 12.255951881408691, -4.049975395202637, -6.309064865112305, -10.041922569274902], [-24.329425811767578, 93.08727264404297, -47.103965759277344, -40.12141418457031, -8.749427795410156, 23.917701721191406, -17.35702896118164, 16.617900848388672, -8.8676176071167, 17.889957427978516, -9.508490562438965, 13.387887001037598, -23.098987579345703], [-38.67917251586914, 102.06033325195312, -93.09713745117188, 2.760265350341797, -12.98156452178955, 17.098854064941406, -31.185855865478516, 24.989376068115234, 2.3724348545074463, 5.340607166290283, -6.7504777908325195, -12.547636985778809, -0.5014381408691406]], "e": [[-59.762725830078125, 86.54890441894531, -105.46019744873047, 38.814327239990234, -22.96208381652832, -35.362571716308594, 4.772037506103516, 8.440703392028809, 9.140389442443848, 9.68142032623291, -9.141850471496582, 9.357711791992188, -18.330554962158203], [13.941444396972656, 72.82888793945312, -24.60196304321289, 11.819174766540527, -49.447120666503906, 5.541259765625, -13.829415321350098, 14.458799362182617, -1.0999274253845215, 1.254931926727295, -4.101592063903809, 1.2313232421875, -12.317815780639648], [-21.70867156982422, 116.60859680175781, -75.85682678222656, 16.159624099731445, -23.530601501464844, -20.686321258544922, -7.7951154708862305, 20.863079071044922, 10.290237426757812, 2.7085258960723877, -3.368089437484741, 3.220263957977295, -8.57958984375], [-86.16658020019531, 150.09600830078125, -89.19300842285156, 6.342235088348389, -4.810579299926758, -39.526519775390625, -1.2067880630493164, 12.100251197814941, 4.949219703674316, 13.780633926391602, -8.688486099243164, 11.762482643127441, -9.342491149902344], [-11.577054977416992, 82.3319091796875, -43.87509536743164, -5.564233779907227, -4.61931037902832, -28.415498733520508, -34.375762939453125, 31.343814849853516, -5.874927997589111, 12.697114944458008, -9.157551765441895, 7.695239067077637, -3.3281564712524414]], "i": [[-15.111893653869629, 121.30992126464844, -3.5495824813842773, 41.072410583496094, -7.143739700317383, -31.323516845703125, -8.930890083312988, -8.433895111083984, -10.760722160339355, -0.958794116973877, -13.973258972167969, 7.394452095031738, -21.11627960205078], [-14.091354370117188, 69.31024169921875, 38.349369049072266, 34.706478118896484, -53.61548614501953, 20.790836334228516, -21.57940673828125, -17.797571182250977, -4.421745300292969, -2.7627499103546143, -13.579334259033203, -3.0244784355163574, 4.708911418914795], [-64.66461944580078, 59.79484558105469, -27.95185089111328, 95.58080291748047, -32.75542068481445, -24.50126838684082, 3.0230226516723633, -17.728527069091797, -14.200969696044922, -12.585765838623047, -7.347262382507324, -0.22835862636566162, -11.848620414733887], [3.1733760833740234, 72.19013214111328, -7.855380058288574, 45.930076599121094, -24.12812042236328, -10.289911270141602, -23.230379104614258, 3.767104148864746, -18.533885955810547, -4.1334099769592285, -1.3928613662719727, -10.681052207946777, 1.2408185005187988], [-85.68507385253906, 143.32302856445312, -55.69926834106445, 68.82520294189453, -13.642671585083008, -27.048011779785156, -1.1246070861816406, -19.63880157470703, -4.6898274421691895, -7.032026290893555, -17.55108642578125, 8.162300109863281, -2.043124198913574]], "o": [[-30.37045669555664, 120.0722427368164, -36.924468994140625, -29.07709312438965, -60.08747482299805, 32.5964469909668, 1.3540410995483398, 11.720216751098633, -4.201242446899414, -3.3551268577575684, -3.9399032592773438, 6.860975742340088, -3.355107545852661], [-103.34375, 189.14634704589844, -41.666500091552734, -22.534950256347656, -57.801124572753906, 1.4104857444763184, 18.495227813720703, -0.6049966812133789, 7.214133262634277, -3.2348804473876953, -1.1303715705871582, 5.380764961242676, -6.073049068450928], [-61.1086311340332, 135.72593688964844, -26.953109741210938, -50.34717559814453, -37.932594299316406, 4.439810752868652, 6.505406379699707, 26.180133819580078, -18.549579620361328, 17.164363861083984, -12.23088264465332, 10.085164070129395, -9.604602813720703], [-65.49493408203125, 143.2321319580078, -81.63465881347656, -6.118709564208984, -65.01847839355469, -12.281269073486328, 35.03463363647461, -0.4528322219848633, 3.5659916400909424, 3.4201340675354004, -1.9670979976654053, 4.606999397277832, -4.873208999633789], [-165.35446166992188, 159.66204833984375, -41.23682403564453, -80.88113403320312, -2.4348106384277344, -3.1257524490356445, 26.926219940185547, -1.8096399307250977, 6.515214920043945, -4.230465888977051, 1.0334014892578125, -1.1757731437683105, -9.817035675048828]], "u": [[-84.88261413574219, 165.1048583984375, 14.990894317626953, 6.868949890136719, -52.962345123291016, 0.9360513687133789, -24.67522621154785, -13.401653289794922, 8.881711959838867, -20.61160659790039, 2.4948034286499023, -9.45175552368164, 1.9576637744903564], [-103.875, 193.8468475341797, 9.49062442779541, 2.8589792251586914, -27.031509399414062, -13.647489547729492, -16.381359100341797, -10.11607837677002, 0.12388676404953003, -6.078762531280518, -6.735994338989258, -1.7101919651031494, -0.1444108486175537], [-145.52313232421875, 216.27603149414062, 4.682605266571045, 6.279970169067383, -24.074996948242188, -17.914777755737305, -21.989601135253906, -8.97457218170166, 0.47727060317993164, -2.9545838832855225, -8.545781135559082, -4.999279022216797, -7.23466682434082], [-94.48239135742188, 160.51710510253906, 4.871035099029541, 46.793827056884766, -55.77056121826172, -26.8065185546875, 11.842657089233398, -30.03411102294922, -5.654764175415039, 7.33188533782959, -18.376598358154297, 4.654877662658691, -6.311243534088135], [-55.51953887939453, 139.79531860351562, 32.182743072509766, -14.085936546325684, -41.40407180786133, -2.2629432678222656, -12.251493453979492, 0.34193897247314453, 0.4815358519554138, -8.53978157043457, -14.154108047485352, 3.6383121013641357, -11.192866325378418]]}