{"a": [[-253.64141845703125, 119.71302032470703, -81.54484558105469, -16.074161529541016, -14.53329849243164, 7.629627704620361, -2.2757649421691895, 3.363770008087158, 3.1987762451171875, 11.262898445129395, -0.6523900032043457, -1.0940327644348145, -13.554617881774902], [-201.5366973876953, 83.25680541992188, -82.55081176757812, 0.4130821228027344, -33.725711822509766, 18.502662658691406, -24.15018081665039, 14.172898292541504, 3.5331404209136963, 16.58574676513672, -1.9494669437408447, -4.083431243896484, -12.066972732543945], [-317.260498046875, 88.4530258178711, -42.264678955078125, -40.46696472167969, -7.205307960510254, 26.962413787841797, -15.767467498779297, 18.993186950683594, -4.770871162414551, 13.975118637084961, -11.106202125549316, 2.3945863246917725, -15.898616790771484], [-333.7006530761719, 163.38148498535156, -106.41642761230469, -30.82636070251465, -7.7742486000061035, 7.622800827026367, 1.3941783905029297, 8.98566722869873, -6.202383995056152, 12.58842658996582, -12.077116012573242, 1.4197742938995361, -7.242572784423828]], "e": [[-356.7083740234375, 87.24163055419922, -6.8128662109375, -4.512739181518555, -39.86647033691406, -0.07952308654785156, -22.939716339111328, 10.551534652709961, 2.4531137943267822, 3.9319400787353516, 0.32375073432922363, 3.4425411224365234, -10.248510360717773], [-233.4404296875, 98.33680725097656, -72.58120727539062, 21.85650634765625, -16.141422271728516, -21.41376495361328, -12.67545223236084, 17.188444137573242, 13.304754257202148, 2.881906509399414, -0.3205087184906006, 1.238373041152954, -10.824613571166992], [-227.97450256347656, 48.9299201965332, -31.805694580078125, 17.09196662902832, -60.28252410888672, 5.256872177124023, -15.623310089111328, 16.572086334228516, -3.4588403701782227, 7.382653713226318, -3.9753170013427734, -0.3283374309539795, -10.510064125061035], [-322.1935119628906, 126.99833679199219, -79.07316589355469, -0.6099863052368164, -10.728790283203125, -37.046417236328125, -0.6299448013305664, 21.949298858642578, 1.0722556114196777, 11.627250671386719, -7.997100830078125, 8.800976753234863, -4.436252593994141]], "i": [[-281.991455078125, 83.25753021240234, -8.3666353225708, 59.97285842895508, -33.0028076171875, -16.397024154663086, -14.723544120788574, -9.127045631408691, -10.934832572937012, -6.437055587768555, -7.72977876663208, -2.1009249687194824, -7.176032066345215], [-377.56036376953125, 79.94578552246094, 26.630123138427734, 42.898250579833984, -36.393531799316406, 5.56516170501709, -16.883455276489258, -5.556035995483398, -7.754833221435547, -0.9541029930114746, -13.428030967712402, -3.1447315216064453, -0.8021583557128906], [-407.2308349609375, 149.62442016601562, -46.93019485473633, 57.98323059082031, -18.532745361328125, -29.151973724365234, -3.785236358642578, -15.075634956359863, -12.373974800109863, -8.16076374053955, -20.322811126708984, 4.123970985412598, -5.0477213859558105], [-599.96435546875, 100.95008087158203, -16.09172821044922, 21.92802619934082, -5.718080520629883, 16.065277099609375, -9.182988166809082, 5.156991481781006, -6.888581275939941, 8.402585983276367, -3.3550376892089844, 7.140681743621826, 3.0888609886169434]], "o": [[-337.2091369628906, 130.25656127929688, -24.49791145324707, -50.68552780151367, -39.38353729248047, 8.01954174041748, 4.697547912597656, 25.406003952026367, -15.402684211730957, 17.285192489624023, -13.94568157196045, 10.597472190856934, -4.947818279266357], [-239.56207275390625, 123.44058227539062, -35.55883026123047, -32.87308883666992, -46.18997573852539, 21.819137573242188, 5.980259895324707, 7.523236274719238, -6.651910781860352, -0.3571770191192627, -3.9869918823242188, 8.444928169250488, -8.432255744934082], [-432.98333740234375, 171.37294006347656, -36.697566986083984, -49.7724723815918, -39.37006759643555, 4.935311794281006, 16.473453521728516, 0.5913114547729492, 5.808239936828613, -7.328465461730957, -5.289176940917969, 2.45255970954895, -6.1619791984558105], [-304.8779602050781, 155.5498504638672, -65.16001892089844, -12.135589599609375, -62.3084602355957, -10.179059982299805, 28.880308151245117, -1.2138495445251465, 5.332008361816406, 3.260683298110962, -3.100910186767578, 2.242201805114746, -5.398438453674316]], "u": [[-385.97735595703125, 172.60934448242188, 17.775070190429688, 17.274276733398438, -38.20697021484375, -18.290924072265625, -10.217395782470703, -16.538883209228516, -3.182528257369995, -2.4620606899261475, -8.137642860412598, -2.4428393840789795, -3.3007421493530273], [-489.811279296875, 206.8302001953125, 18.864307403564453, 1.910665512084961, -29.234209060668945, -22.375761032104492, -21.106975555419922, -9.049102783203125, -2.746232032775879, -3.166165828704834, -3.898800849914551, -2.5373165607452393, -3.244506597518921], [-630.016357421875, 107.04464721679688, -28.43552017211914, 26.78788185119629, 8.715234756469727, 10.27927303314209, -3.5166797637939453, 14.37100887298584, 5.020388603210449, 8.206626892089844, 7.070043563842773, 11.869566917419434, -0.5621514320373535], [-271.118896484375, 155.50160217285156, 10.224520683288574, -0.05097484588623047, -29.565553665161133, 0.5274057388305664, -15.637018203735352, -10.236281394958496, 0.2282617688179016, -14.72199535369873, -0.848147988319397, -4.511775016784668, 1.5361218452453613]]}