{"a": [-644.239990234375, 90.66172790527344, -31.408863067626953, 11.476091384887695, 3.0320615768432617, 18.989521026611328, -7.3518476486206055, 15.98598861694336, 0.7923011779785156, 16.022930145263672, 1.4407410621643066, 7.505529880523682, -1.7698373794555664], "e": [-336.77349853515625, 85.20266723632812, -23.091304779052734, 0.38945865631103516, -21.452800750732422, -11.09433364868164, -19.503713607788086, 23.897790908813477, -3.5771713256835938, 6.059264659881592, -3.756777763366699, 4.777986526489258, -5.609541893005371], "i": [-283.15631103515625, 76.8533935546875, 17.132688522338867, 45.62957763671875, -40.089622497558594, 0.9137897491455078, -24.869770050048828, -6.32390022277832, -11.319591522216797, 0.49075186252593994, -4.076142311096191, -4.062654495239258, -0.23478174209594727], "o": [-233.2416229248047, 121.97665405273438, -44.436370849609375, -32.608482360839844, -46.78300094604492, 18.618600845336914, 1.1014537811279297, 9.512351036071777, -7.537126064300537, 0.9934408664703369, -3.096968173980713, 5.9023756980896, -9.149576187133789], "u": [-299.6982421875, 156.20997619628906, 6.274068832397461, 2.735321044921875, -41.325111389160156, -3.075428009033203, -14.532246589660645, -10.103464126586914, -1.665748953819275, -9.474800109863281, 0.200972318649292, -1.2336633205413818, 2.2262167930603027]}