{"a": [[-295.4651794433594, 120.57511138916016, -78.05033111572266, -26.983083724975586, -11.727659225463867, 14.962156295776367, -7.688241481781006, 11.135429382324219, -3.0168263912200928, 12.640759468078613, -8.17464828491211, 0.6442953944206238, -12.292695999145508], [-253.411865234375, 108.80067443847656, -81.50791931152344, -15.035664558410645, -19.76249122619629, 14.390645027160645, -12.29655933380127, 10.796823501586914, 0.41375502943992615, 13.415364265441895, -3.8700523376464844, -1.406312108039856, -12.375691413879395], [-277.13360595703125, 103.49781799316406, -67.03473663330078, -24.54815101623535, -14.566518783569336, 17.412364959716797, -11.297006607055664, 11.409818649291992, -1.2701276540756226, 13.012667655944824, -6.5111589431762695, 0.4907296299934387, -13.181594848632812], [-272.9797668457031, 115.60093688964844, -80.87665557861328, -19.820261001586914, -17.012569427490234, 14.343223571777344, -10.510842323303223, 10.942797660827637, -1.1211817264556885, 13.473917007446289, -6.978842735290527, -0.31589367985725403, -11.556927680969238]], "e": [[-274.75146484375, 91.96870422363281, -52.570823669433594, 11.136449813842773, -28.632125854492188, -14.93932056427002, -12.908773422241211, 16.689960479736328, 5.335207462310791, 5.741131782531738, -2.4579367637634277, 2.878385543823242, -9.368810653686523], [-288.5039978027344, 96.73599243164062, -57.0177001953125, 6.556973934173584, -29.049942016601562, -19.095474243164062, -8.563482284545898, 18.720272064208984, 1.0742623805999756, 8.709806442260742, -5.190821647644043, 4.770078182220459, -7.478457450866699], [-298.85845947265625, 84.80897521972656, -35.3396110534668, 5.386147499084473, -37.7912483215332, -8.005407333374023, -15.2564115524292, 15.300944328308105, 1.4885199069976807, 6.401212215423584, -2.694565773010254, 3.1625478267669678, -9.222135543823242], [-278.20294189453125, 87.99302673339844, -45.34479522705078, 10.746174812316895, -31.5458927154541, -11.242629051208496, -15.139752388000488, 15.550186157226562, 5.473293304443359, 4.971599578857422, -1.6258518695831299, 2.3425416946411133, -9.950037002563477]], "i": [[-408.2803039550781, 98.84319305419922, -3.8250088691711426, 45.16385269165039, -25.875686645507812, -3.8284401893615723, -12.290421485900879, -6.0053253173828125, -9.22594165802002, -1.6506704092025757, -11.64698314666748, 0.618920624256134, -2.222334146499634], [-383.05718994140625, 106.64738464355469, -21.52828025817871, 51.845420837402344, -23.290081024169922, -13.734957695007324, -10.32227897644043, -8.096647262573242, -10.508903503417969, -3.994683027267456, -10.603792190551758, 1.586010217666626, -4.462898254394531], [-472.4256896972656, 98.18609619140625, -9.138299942016602, 37.272003173828125, -18.44011878967285, 2.8760972023010254, -11.302420616149902, -1.8107376098632812, -8.510307312011719, 1.9004367589950562, -7.967433929443359, 2.9844954013824463, -0.6148880124092102], [-401.82147216796875, 110.29808044433594, -10.66553783416748, 48.556541442871094, -25.7763729095459, -9.546780586242676, -10.657472610473633, -8.636561393737793, -9.876131057739258, -3.4643847942352295, -14.605941772460938, 0.917705237865448, -2.7859151363372803]], "o": [[-294.97601318359375, 138.28189086914062, -43.76807403564453, -29.99456787109375, -50.452999114990234, 4.976797580718994, 14.592562675476074, 9.526830673217773, -4.442531108856201, 6.515003204345703, -6.5771484375, 6.6380181312561035, -6.08845853805542], [-371.9111328125, 156.09249877929688, -38.09610366821289, -42.72020721435547, -43.029232025146484, 7.109062194824219, 14.437910079956055, 4.27864933013916, 1.1474941968917847, -2.4139270782470703, -5.675563812255859, 4.444489002227783, -6.418263912200928], [-343.1957702636719, 152.08729553222656, -45.44298553466797, -33.064537048339844, -49.348602294921875, 1.1183255910873413, 18.067136764526367, 5.523064613342285, 0.3383867144584656, 2.574249744415283, -5.971764087677002, 4.5323662757873535, -5.732761859893799], [-304.16864013671875, 134.13320922851562, -34.697914123535156, -39.59202194213867, -44.519447326660156, 11.429393768310547, 8.965091705322266, 12.904739379882812, -7.944159507751465, 6.1179304122924805, -8.08914566040039, 8.09203052520752, -6.768008232116699]], "u": [[-407.91094970703125, 159.12974548339844, 5.299750328063965, 9.023025512695312, -24.09139633178711, -5.6643452644348145, -13.0376615524292, -6.138954162597656, -0.2902917265892029, -5.601433277130127, -1.0513076782226562, -0.3663599491119385, -0.9938686490058899], [-501.51434326171875, 151.85684204101562, -0.2715633511543274, 18.446720123291016, -17.952959060668945, -7.137783050537109, -9.311606407165527, -2.881502628326416, 0.4353983998298645, 1.4422773122787476, -1.3505640029907227, 3.1283416748046875, -2.132073402404785], [-521.2820434570312, 160.78636169433594, -1.275447130203247, 11.488851547241211, -14.480319023132324, -6.492465972900391, -13.280117988586426, 0.3789638578891754, 0.7295818328857422, -0.2348959892988205, 0.897334098815918, 3.111069679260254, -1.770188331604004], [-334.4141540527344, 167.47940063476562, 13.620341300964355, 7.005431175231934, -32.46407699584961, -9.875711441040039, -14.29498291015625, -12.751522064208984, -1.754433035850525, -8.17658805847168, -4.15204381942749, -3.1919150352478027, -0.8155481219291687]]}